{"cameraMode":{"drawMode":0,"name":"Shaded","section":"Shading Mode"},"sceneLighting":true,"audioPlay":false,"sceneViewState":{"m_AlwaysRefresh":false,"showFog":true,"showSkybox":true,"showFlares":true,"showImageEffects":true,"showParticleSystems":true,"showVisualEffectGraphs":true,"m_FxEnabled":true},"in2DMode":false,"pivot":{"x":439.8425598144531,"y":290.64398193359377,"z":-639.84033203125},"rotation":{"x":0.007808288559317589,"y":0.016494901850819589,"z":-0.00012949170195497572,"w":0.9998375773429871},"size":17.51283836364746,"orthographic":false}